filename,width,height,class,xmin,ymin,xmax,ymax
xshoes_028.JPEG,225,225,shoe,17,98,180,185
xshoes_028.JPEG,225,225,shoe,59,79,212,159
xshoes_014.JPEG,244,207,shoe,10,68,241,175
xshoes_558.JPEG,275,183,shoe,25,10,255,171
xshoes_216.JPEG,248,203,shoe,22,96,226,201
xshoes_570.JPEG,220,176,shoe,13,16,192,107
xshoes_564.JPEG,225,225,shoe,27,45,107,189
xshoes_564.JPEG,225,225,shoe,110,113,211,182
xshoes_202.JPEG,225,225,shoe,3,65,225,160
xshoes_389.JPEG,225,225,shoe,4,54,221,188
xshoes_438.JPEG,260,194,shoe,14,6,249,192
xshoes_362.JPEG,189,266,shoe,4,85,96,188
xshoes_362.JPEG,189,266,shoe,110,92,187,193
xshoes_404.JPEG,195,258,shoe,5,94,189,219
xshoes_410.JPEG,225,225,shoe,6,68,219,175
xshoes_376.JPEG,330,153,shoe,3,2,332,154
xshoes_148.JPEG,259,194,shoe,35,32,241,160
xshoes_606.JPEG,213,236,shoe,6,59,207,179
xshoes_160.JPEG,306,165,shoe,9,2,288,152
xshoes_174.JPEG,300,168,shoe,114,26,281,166
xshoes_174.JPEG,300,168,shoe,27,17,214,110
xshoes_175.JPEG,194,259,shoe,4,31,191,224
xshoes_607.JPEG,263,191,shoe,11,23,188,178
xshoes_607.JPEG,263,191,shoe,62,40,257,153
xshoes_161.JPEG,267,189,shoe,142,16,254,163
xshoes_161.JPEG,267,189,shoe,11,18,163,163
xshoes_149.JPEG,310,163,shoe,71,17,246,144
xshoes_411.JPEG,225,225,shoe,30,56,226,150
xshoes_377.JPEG,183,275,shoe,7,127,150,214
xshoes_377.JPEG,183,275,shoe,44,120,177,197
xshoes_363.JPEG,225,225,shoe,3,64,225,159
xshoes_405.JPEG,225,225,shoe,3,55,225,170
xshoes_439.JPEG,219,230,shoe,6,68,209,166
xshoes_388.JPEG,208,242,shoe,12,128,196,220
xshoes_565.JPEG,274,184,shoe,62,5,138,168
xshoes_565.JPEG,274,184,shoe,140,7,209,168
xshoes_203.JPEG,225,225,shoe,16,76,209,171
xshoes_217.JPEG,225,225,shoe,2,74,227,196
xshoes_571.JPEG,225,225,shoe,6,42,217,175
xshoes_559.JPEG,225,225,shoe,68,53,146,155
xshoes_015.JPEG,258,196,shoe,3,2,260,198
xshoes_029.JPEG,259,194,shoe,28,70,235,189
xshoes_017.JPEG,275,183,shoe,29,40,246,143
xshoes_598.JPEG,299,168,shoe,53,58,234,113
xshoes_598.JPEG,299,168,shoe,74,29,248,92
xshoes_229.JPEG,275,183,shoe,22,6,188,170
xshoes_229.JPEG,275,183,shoe,177,8,253,169
xshoes_201.JPEG,201,251,shoe,15,65,187,182
xshoes_567.JPEG,259,195,shoe,28,57,232,192
xshoes_573.JPEG,318,159,shoe,38,24,280,137
xshoes_215.JPEG,225,225,shoe,3,60,228,171
xshoes_349.JPEG,225,225,shoe,2,91,224,224
xshoes_375.JPEG,275,183,shoe,92,16,156,142
xshoes_375.JPEG,275,183,shoe,137,25,244,125
xshoes_375.JPEG,275,183,shoe,14,31,113,122
xshoes_413.JPEG,225,225,shoe,18,96,206,175
xshoes_407.JPEG,310,162,shoe,72,21,197,144
xshoes_407.JPEG,310,162,shoe,27,59,168,130
xshoes_361.JPEG,301,167,shoe,31,62,192,148
xshoes_361.JPEG,301,167,shoe,116,32,283,113
xshoes_188.JPEG,315,160,shoe,66,23,264,120
xshoes_611.JPEG,220,165,shoe,11,33,185,129
xshoes_177.JPEG,225,225,shoe,10,74,220,154
xshoes_163.JPEG,290,174,shoe,3,11,287,170
xshoes_605.JPEG,235,214,shoe,88,92,232,207
xshoes_605.JPEG,235,214,shoe,19,33,92,201
xshoes_162.JPEG,259,194,shoe,4,22,256,146
xshoes_604.JPEG,225,225,shoe,119,78,169,202
xshoes_604.JPEG,225,225,shoe,32,27,113,140
xshoes_610.JPEG,278,181,shoe,14,3,273,172
xshoes_176.JPEG,225,225,shoe,3,36,223,171
xshoes_189.JPEG,299,169,shoe,76,39,298,160
xshoes_189.JPEG,299,169,shoe,74,11,297,100
xshoes_406.JPEG,289,174,shoe,5,2,282,174
xshoes_374.JPEG,225,225,shoe,5,72,219,188
xshoes_412.JPEG,208,242,shoe,8,54,197,190
xshoes_348.JPEG,318,159,shoe,54,26,190,154
xshoes_348.JPEG,318,159,shoe,121,7,276,124
xshoes_572.JPEG,225,225,shoe,3,64,226,165
xshoes_214.JPEG,284,177,shoe,30,29,65,137
xshoes_214.JPEG,284,177,shoe,64,30,102,137
xshoes_214.JPEG,284,177,shoe,110,30,148,131
xshoes_214.JPEG,284,177,shoe,147,29,185,131
xshoes_200.JPEG,275,183,shoe,49,43,226,135
xshoes_566.JPEG,283,178,shoe,3,0,280,177
xshoes_228.JPEG,225,225,shoe,2,61,227,165
xshoes_599.JPEG,220,200,shoe,29,81,197,151
xshoes_599.JPEG,220,200,shoe,36,43,193,100
xshoes_016.JPEG,244,207,shoe,8,53,235,175
xshoes_012.JPEG,334,151,shoe,3,3,334,154
xshoes_589.JPEG,225,225,shoe,27,63,196,162
xshoes_562.JPEG,225,225,shoe,117,25,171,171
xshoes_562.JPEG,225,225,shoe,52,24,108,171
xshoes_204.JPEG,225,225,shoe,47,74,101,210
xshoes_204.JPEG,225,225,shoe,110,84,182,204
xshoes_210.JPEG,225,225,shoe,14,72,210,167
xshoes_576.JPEG,275,183,shoe,4,31,260,177
xshoes_576.JPEG,275,183,shoe,33,6,273,126
xshoes_238.JPEG,225,225,shoe,16,100,216,175
xshoes_416.JPEG,225,225,shoe,51,72,170,165
xshoes_370.JPEG,176,287,shoe,22,197,153,251
xshoes_364.JPEG,224,224,shoe,26,118,199,195
xshoes_402.JPEG,225,225,shoe,4,61,224,162
xshoes_358.JPEG,225,225,shoe,67,97,207,178
xshoes_358.JPEG,225,225,shoe,21,102,166,181
xshoes_199.JPEG,225,225,shoe,10,109,215,194
xshoes_172.JPEG,225,225,shoe,40,59,185,168
xshoes_600.JPEG,225,225,shoe,6,63,209,157
xshoes_166.JPEG,309,163,shoe,5,8,310,167
xshoes_601.JPEG,303,167,shoe,7,42,301,167
xshoes_167.JPEG,389,129,shoe,9,46,120,102
xshoes_167.JPEG,389,129,shoe,140,48,251,103
xshoes_173.JPEG,244,206,shoe,31,100,223,197
xshoes_198.JPEG,225,225,shoe,112,96,178,223
xshoes_198.JPEG,225,225,shoe,51,96,98,222
xshoes_359.JPEG,219,230,shoe,12,66,208,160
xshoes_365.JPEG,225,225,shoe,28,64,197,151
xshoes_403.JPEG,241,209,shoe,8,55,234,159
xshoes_417.JPEG,259,195,shoe,4,35,261,161
xshoes_371.JPEG,225,225,shoe,37,88,219,181
xshoes_371.JPEG,225,225,shoe,4,62,184,148
xshoes_239.JPEG,311,162,shoe,3,1,313,163
xshoes_211.JPEG,389,129,shoe,10,40,119,101
xshoes_211.JPEG,389,129,shoe,140,40,251,102
xshoes_211.JPEG,389,129,shoe,268,35,378,101
xshoes_577.JPEG,225,225,shoe,43,57,225,171
xshoes_577.JPEG,225,225,shoe,4,49,185,157
xshoes_563.JPEG,268,188,shoe,12,36,258,152
xshoes_205.JPEG,284,177,shoe,35,2,251,178
xshoes_588.JPEG,225,225,shoe,23,11,193,205
xshoes_013.JPEG,197,256,shoe,43,30,182,228
xshoes_013.JPEG,197,256,shoe,8,106,183,189
xshoes_011.JPEG,246,205,shoe,17,56,240,169
xshoes_011.JPEG,246,205,shoe,4,33,228,115
xshoes_039.JPEG,209,241,shoe,11,81,201,176
xshoes_575.JPEG,225,225,shoe,4,47,224,176
xshoes_213.JPEG,300,168,shoe,148,11,235,144
xshoes_213.JPEG,300,168,shoe,128,4,200,128
xshoes_207.JPEG,225,225,shoe,3,15,226,155
xshoes_207.JPEG,225,225,shoe,29,26,132,216
xshoes_561.JPEG,225,225,shoe,26,144,197,218
xshoes_549.JPEG,244,207,shoe,12,62,234,176
xshoes_398.JPEG,407,124,shoe,150,2,291,112
xshoes_401.JPEG,262,193,shoe,80,59,206,163
xshoes_401.JPEG,262,193,shoe,63,37,142,145
xshoes_367.JPEG,215,234,shoe,32,111,180,174
xshoes_415.JPEG,225,225,shoe,68,24,209,192
xshoes_415.JPEG,225,225,shoe,14,83,176,178
xshoes_429.JPEG,325,155,shoe,2,2,325,156
xshoes_165.JPEG,284,177,shoe,3,58,209,172
xshoes_165.JPEG,284,177,shoe,92,7,285,164
xshoes_603.JPEG,225,225,shoe,26,75,195,151
xshoes_171.JPEG,225,225,shoe,4,24,224,205
xshoes_159.JPEG,225,225,shoe,12,138,216,211
xshoes_158.JPEG,225,225,shoe,16,47,209,177
xshoes_170.JPEG,287,176,shoe,38,70,260,155
xshoes_164.JPEG,201,251,shoe,9,68,189,186
xshoes_602.JPEG,259,195,shoe,30,74,230,190
xshoes_428.JPEG,259,195,shoe,3,2,257,196
xshoes_414.JPEG,225,225,shoe,3,48,227,177
xshoes_400.JPEG,200,200,shoe,3,50,199,146
xshoes_366.JPEG,225,225,shoe,3,93,227,207
xshoes_399.JPEG,225,225,shoe,3,52,227,174
xshoes_548.JPEG,211,239,shoe,39,87,187,157
xshoes_548.JPEG,211,239,shoe,26,76,170,133
xshoes_206.JPEG,238,212,shoe,3,68,240,215
xshoes_560.JPEG,313,161,shoe,35,43,265,138
xshoes_574.JPEG,203,248,shoe,3,64,206,184
xshoes_212.JPEG,300,168,shoe,84,78,222,161
xshoes_212.JPEG,300,168,shoe,61,3,184,69
xshoes_038.JPEG,254,198,shoe,4,80,252,174
xshoes_010.JPEG,259,194,shoe,23,63,234,188
xshoes_088.JPEG,225,225,shoe,100,24,223,216
xshoes_088.JPEG,225,225,shoe,3,20,151,186
xshoes_077.JPEG,225,225,shoe,19,58,206,175
xshoes_063.JPEG,224,224,shoe,8,51,214,186
xshoes_249.JPEG,348,145,shoe,110,26,273,109
xshoes_513.JPEG,225,225,shoe,4,37,224,171
xshoes_275.JPEG,225,225,shoe,9,23,201,204
xshoes_275.JPEG,225,225,shoe,73,7,216,127
xshoes_261.JPEG,244,207,shoe,8,63,232,175
xshoes_507.JPEG,311,162,shoe,30,1,313,162
xshoes_498.JPEG,225,225,shoe,4,113,204,215
xshoes_498.JPEG,225,225,shoe,23,12,219,123
xshoes_329.JPEG,224,224,shoe,14,52,210,170
xshoes_467.JPEG,275,183,shoe,33,43,245,141
xshoes_301.JPEG,300,168,shoe,218,80,278,161
xshoes_301.JPEG,300,168,shoe,165,77,220,157
xshoes_315.JPEG,225,225,shoe,4,60,157,160
xshoes_473.JPEG,203,249,shoe,9,66,195,188
xshoes_103.JPEG,192,262,shoe,9,95,184,214
xshoes_117.JPEG,236,213,shoe,72,14,236,214
xshoes_116.JPEG,225,225,shoe,26,132,197,195
xshoes_102.JPEG,246,205,shoe,2,42,245,159
xshoes_314.JPEG,225,225,shoe,14,66,217,148
xshoes_472.JPEG,334,151,shoe,7,8,76,66
xshoes_472.JPEG,334,151,shoe,93,13,162,66
xshoes_472.JPEG,334,151,shoe,173,7,248,69
xshoes_472.JPEG,334,151,shoe,258,10,331,64
xshoes_472.JPEG,334,151,shoe,5,83,77,143
xshoes_472.JPEG,334,151,shoe,88,85,163,141
xshoes_472.JPEG,334,151,shoe,176,86,245,146
xshoes_472.JPEG,334,151,shoe,258,84,329,144
xshoes_466.JPEG,275,183,shoe,4,28,272,166
xshoes_300.JPEG,389,129,shoe,9,53,120,102
xshoes_300.JPEG,389,129,shoe,142,56,250,103
xshoes_300.JPEG,389,129,shoe,268,53,377,102
xshoes_328.JPEG,192,262,shoe,14,76,179,145
xshoes_499.JPEG,225,225,shoe,2,21,110,208
xshoes_499.JPEG,225,225,shoe,68,16,220,177
xshoes_260.JPEG,275,183,shoe,21,35,280,139
xshoes_506.JPEG,225,225,shoe,5,39,229,190
xshoes_512.JPEG,259,194,shoe,14,37,257,165
xshoes_274.JPEG,248,203,shoe,41,25,208,189
xshoes_248.JPEG,238,211,shoe,35,110,225,184
xshoes_062.JPEG,300,168,shoe,22,5,287,161
xshoes_076.JPEG,346,146,shoe,203,41,292,142
xshoes_076.JPEG,346,146,shoe,74,5,169,125
xshoes_089.JPEG,266,190,shoe,13,66,250,184
xshoes_048.JPEG,275,183,shoe,24,43,258,150
xshoes_060.JPEG,225,225,shoe,5,22,220,199
xshoes_074.JPEG,348,145,shoe,70,18,274,138
xshoes_289.JPEG,299,168,shoe,5,31,206,166
xshoes_289.JPEG,299,168,shoe,70,26,293,137
xshoes_289.JPEG,299,168,shoe,147,8,299,100
xshoes_538.JPEG,296,170,shoe,34,42,250,131
xshoes_538.JPEG,296,170,shoe,41,19,237,89
xshoes_504.JPEG,259,194,shoe,11,69,160,137
xshoes_262.JPEG,186,270,shoe,82,167,186,252
xshoes_262.JPEG,186,270,shoe,5,130,85,239
xshoes_276.JPEG,200,252,shoe,28,135,171,214
xshoes_510.JPEG,275,183,shoe,82,32,274,158
xshoes_510.JPEG,275,183,shoe,19,18,145,154
xshoes_458.JPEG,389,129,shoe,9,39,121,104
xshoes_458.JPEG,389,129,shoe,138,37,249,103
xshoes_458.JPEG,389,129,shoe,269,34,380,104
xshoes_470.JPEG,238,212,shoe,4,58,239,213
xshoes_316.JPEG,225,225,shoe,69,91,219,170
xshoes_316.JPEG,225,225,shoe,12,69,144,156
xshoes_302.JPEG,225,225,shoe,4,51,225,177
xshoes_464.JPEG,300,168,shoe,4,2,303,170
xshoes_128.JPEG,200,252,shoe,22,158,176,229
xshoes_114.JPEG,225,225,shoe,3,43,227,183
xshoes_100.JPEG,225,225,shoe,3,29,228,197
xshoes_101.JPEG,283,178,shoe,11,29,266,145
xshoes_115.JPEG,275,183,shoe,12,22,267,155
xshoes_129.JPEG,225,225,shoe,93,69,220,174
xshoes_129.JPEG,225,225,shoe,6,60,106,175
xshoes_303.JPEG,275,183,shoe,5,20,269,149
xshoes_465.JPEG,266,190,shoe,8,79,128,168
xshoes_465.JPEG,266,190,shoe,44,68,164,149
xshoes_465.JPEG,266,190,shoe,77,54,199,132
xshoes_465.JPEG,266,190,shoe,115,40,228,115
xshoes_465.JPEG,266,190,shoe,142,28,258,101
xshoes_471.JPEG,299,168,shoe,44,77,188,169
xshoes_471.JPEG,299,168,shoe,156,77,265,164
xshoes_317.JPEG,284,177,shoe,16,30,267,142
xshoes_459.JPEG,217,233,shoe,4,49,219,180
xshoes_277.JPEG,312,162,shoe,164,6,310,162
xshoes_277.JPEG,312,162,shoe,3,6,165,152
xshoes_511.JPEG,296,170,shoe,3,2,297,172
xshoes_505.JPEG,225,225,shoe,4,120,221,209
xshoes_263.JPEG,225,225,shoe,23,75,197,153
xshoes_539.JPEG,225,225,shoe,21,43,204,181
xshoes_288.JPEG,301,168,shoe,3,27,300,141
xshoes_075.JPEG,270,187,shoe,4,16,269,171
xshoes_061.JPEG,225,225,shoe,22,45,199,184
xshoes_049.JPEG,225,225,shoe,12,109,217,207
xshoes_065.JPEG,259,194,shoe,16,21,244,166
xshoes_071.JPEG,225,225,shoe,14,131,210,209
xshoes_059.JPEG,225,225,shoe,3,29,226,200
xshoes_298.JPEG,182,277,shoe,5,157,178,259
xshoes_267.JPEG,225,225,shoe,5,50,223,169
xshoes_501.JPEG,275,183,shoe,29,19,246,177
xshoes_515.JPEG,243,208,shoe,23,92,157,184
xshoes_515.JPEG,243,208,shoe,91,87,244,182
xshoes_515.JPEG,243,208,shoe,99,19,240,140
xshoes_515.JPEG,243,208,shoe,3,53,99,136
xshoes_273.JPEG,225,225,shoe,12,70,213,156
xshoes_529.JPEG,225,225,shoe,5,55,219,156
xshoes_313.JPEG,283,178,shoe,93,59,284,160
xshoes_313.JPEG,283,178,shoe,5,21,194,175
xshoes_475.JPEG,225,225,shoe,38,54,185,172
xshoes_461.JPEG,275,183,shoe,26,13,266,152
xshoes_307.JPEG,259,194,shoe,5,76,187,170
xshoes_307.JPEG,259,194,shoe,90,34,254,166
xshoes_449.JPEG,218,218,shoe,6,58,209,164
xshoes_111.JPEG,208,242,shoe,4,82,206,216
xshoes_105.JPEG,312,162,shoe,12,5,299,142
xshoes_139.JPEG,225,225,shoe,6,58,166,166
xshoes_139.JPEG,225,225,shoe,61,47,219,151
xshoes_138.JPEG,259,194,shoe,106,8,251,98
xshoes_138.JPEG,259,194,shoe,3,61,152,187
xshoes_104.JPEG,225,225,shoe,36,63,221,207
xshoes_104.JPEG,225,225,shoe,11,18,191,157
xshoes_448.JPEG,224,224,shoe,16,87,206,209
xshoes_460.JPEG,225,225,shoe,17,54,212,176
xshoes_306.JPEG,225,225,shoe,7,136,217,204
xshoes_312.JPEG,365,138,shoe,67,14,311,129
xshoes_312.JPEG,365,138,shoe,44,5,275,113
xshoes_474.JPEG,225,225,shoe,11,45,215,210
xshoes_528.JPEG,284,177,shoe,8,10,276,165
xshoes_514.JPEG,225,225,shoe,11,37,205,184
xshoes_272.JPEG,293,172,shoe,7,56,149,164
xshoes_272.JPEG,293,172,shoe,95,46,287,164
xshoes_266.JPEG,275,183,shoe,50,53,198,173
xshoes_266.JPEG,275,183,shoe,60,13,242,127
xshoes_500.JPEG,225,225,shoe,18,57,208,175
xshoes_058.JPEG,225,225,shoe,18,81,205,176
xshoes_070.JPEG,300,168,shoe,15,48,187,156
xshoes_070.JPEG,300,168,shoe,191,0,270,167
xshoes_064.JPEG,225,225,shoe,22,15,159,171
xshoes_099.JPEG,256,197,shoe,69,44,240,162
xshoes_099.JPEG,256,197,shoe,11,44,189,163
xshoes_072.JPEG,225,225,shoe,26,60,200,166
xshoes_066.JPEG,225,225,shoe,103,5,227,196
xshoes_066.JPEG,225,225,shoe,2,31,128,220
xshoes_270.JPEG,268,188,shoe,10,48,260,153
xshoes_516.JPEG,225,225,shoe,9,63,215,153
xshoes_502.JPEG,284,177,shoe,18,44,258,138
xshoes_264.JPEG,190,266,shoe,3,38,127,227
xshoes_264.JPEG,190,266,shoe,70,27,192,195
xshoes_258.JPEG,225,225,shoe,6,42,227,182
xshoes_489.JPEG,275,183,shoe,140,44,274,150
xshoes_489.JPEG,275,183,shoe,19,93,197,177
xshoes_304.JPEG,225,225,shoe,125,64,179,93
xshoes_304.JPEG,225,225,shoe,41,151,93,178
xshoes_462.JPEG,259,194,shoe,31,76,226,189
xshoes_476.JPEG,183,275,shoe,67,88,174,230
xshoes_476.JPEG,183,275,shoe,17,40,121,164
xshoes_310.JPEG,246,205,shoe,21,92,223,194
xshoes_338.JPEG,229,220,shoe,47,7,210,214
xshoes_338.JPEG,229,220,shoe,15,40,203,174
xshoes_106.JPEG,268,188,shoe,19,56,239,180
xshoes_112.JPEG,251,201,shoe,2,1,250,199
xshoes_113.JPEG,239,211,shoe,4,92,230,193
xshoes_107.JPEG,329,153,shoe,68,3,330,156
xshoes_339.JPEG,201,251,shoe,3,75,203,177
xshoes_477.JPEG,225,225,shoe,8,19,179,207
xshoes_477.JPEG,225,225,shoe,86,16,219,169
xshoes_311.JPEG,245,206,shoe,79,72,234,199
xshoes_311.JPEG,245,206,shoe,51,44,190,149
xshoes_311.JPEG,245,206,shoe,8,5,150,113
xshoes_305.JPEG,225,225,shoe,3,32,225,155
xshoes_463.JPEG,225,225,shoe,10,66,215,166
xshoes_488.JPEG,225,225,shoe,4,37,217,198
xshoes_259.JPEG,194,259,shoe,4,44,86,211
xshoes_259.JPEG,194,259,shoe,102,36,197,205
xshoes_503.JPEG,259,194,shoe,4,27,257,162
xshoes_265.JPEG,225,225,shoe,5,42,229,180
xshoes_271.JPEG,216,234,shoe,5,5,214,232
xshoes_517.JPEG,299,168,shoe,18,7,282,157
xshoes_067.JPEG,337,150,shoe,25,14,321,139
xshoes_073.JPEG,259,194,shoe,3,37,260,158
xshoes_098.JPEG,225,225,shoe,13,90,210,171
xshoes_095.JPEG,225,225,shoe,4,60,228,205
xshoes_081.JPEG,225,225,shoe,13,133,156,210
xshoes_081.JPEG,225,225,shoe,70,134,212,205
xshoes_056.JPEG,225,225,shoe,18,61,207,172
xshoes_042.JPEG,201,251,shoe,17,92,184,182
xshoes_297.JPEG,225,225,shoe,2,53,223,173
xshoes_283.JPEG,181,278,shoe,20,175,157,262
xshoes_268.JPEG,225,225,shoe,13,2,210,212
xshoes_532.JPEG,266,190,shoe,14,38,254,185
xshoes_254.JPEG,225,225,shoe,10,67,216,165
xshoes_240.JPEG,275,183,shoe,5,5,269,180
xshoes_526.JPEG,198,254,shoe,35,100,196,235
xshoes_526.JPEG,198,254,shoe,4,99,153,227
xshoes_485.JPEG,226,223,shoe,27,24,207,199
xshoes_491.JPEG,225,225,shoe,1,69,224,173
xshoes_308.JPEG,225,225,shoe,10,63,218,171
xshoes_446.JPEG,294,171,shoe,4,3,291,174
xshoes_320.JPEG,405,124,shoe,58,9,368,124
xshoes_334.JPEG,225,225,shoe,4,52,210,168
xshoes_452.JPEG,225,225,shoe,10,30,218,195
xshoes_122.JPEG,314,161,shoe,4,17,316,163
xshoes_136.JPEG,225,225,shoe,8,107,215,192
xshoes_137.JPEG,347,145,shoe,15,10,337,139
xshoes_123.JPEG,219,230,shoe,3,50,213,165
xshoes_335.JPEG,279,181,shoe,23,24,250,144
xshoes_453.JPEG,225,225,shoe,3,59,226,168
xshoes_447.JPEG,225,225,shoe,5,58,216,150
xshoes_321.JPEG,224,224,shoe,21,69,204,165
xshoes_309.JPEG,300,168,shoe,24,16,274,138
xshoes_490.JPEG,231,218,shoe,51,11,114,194
xshoes_490.JPEG,231,218,shoe,108,11,193,188
xshoes_484.JPEG,287,176,shoe,36,90,246,167
xshoes_241.JPEG,225,224,shoe,81,28,225,195
xshoes_527.JPEG,275,183,shoe,32,49,267,174
xshoes_527.JPEG,275,183,shoe,55,22,256,121
xshoes_533.JPEG,275,183,shoe,84,31,246,162
xshoes_533.JPEG,275,183,shoe,37,70,133,172
xshoes_255.JPEG,274,184,shoe,12,31,129,156
xshoes_255.JPEG,274,184,shoe,158,40,274,169
xshoes_269.JPEG,225,225,shoe,125,90,184,217
xshoes_269.JPEG,225,225,shoe,28,60,114,169
xshoes_282.JPEG,225,225,shoe,84,57,220,199
xshoes_282.JPEG,225,225,shoe,26,115,127,203
xshoes_296.JPEG,257,196,shoe,2,1,257,196
xshoes_043.JPEG,225,225,shoe,25,71,199,154
xshoes_057.JPEG,284,177,shoe,1,47,282,179
xshoes_080.JPEG,225,225,shoe,58,50,207,187
xshoes_080.JPEG,225,225,shoe,16,34,151,116
xshoes_094.JPEG,225,225,shoe,17,45,204,172
xshoes_082.JPEG,225,225,shoe,19,58,206,175
xshoes_096.JPEG,239,211,shoe,18,54,216,192
xshoes_096.JPEG,239,211,shoe,78,58,220,164
xshoes_069.JPEG,259,194,shoe,30,65,229,189
xshoes_041.JPEG,259,194,shoe,39,40,222,154
xshoes_055.JPEG,225,225,shoe,11,124,214,210
xshoes_280.JPEG,225,225,shoe,37,141,66,191
xshoes_280.JPEG,225,225,shoe,58,138,116,181
xshoes_294.JPEG,389,129,shoe,9,50,116,102
xshoes_294.JPEG,389,129,shoe,139,52,250,103
xshoes_294.JPEG,389,129,shoe,268,49,380,102
xshoes_519.JPEG,297,169,shoe,7,83,187,163
xshoes_519.JPEG,297,169,shoe,4,12,183,118
xshoes_525.JPEG,402,125,shoe,301,2,399,101
xshoes_525.JPEG,402,125,shoe,260,8,326,118
xshoes_525.JPEG,402,125,shoe,206,7,259,123
xshoes_525.JPEG,402,125,shoe,140,4,197,126
xshoes_525.JPEG,402,125,shoe,75,8,137,118
xshoes_525.JPEG,402,125,shoe,11,2,83,106
xshoes_243.JPEG,319,158,shoe,3,3,321,160
xshoes_257.JPEG,259,194,shoe,5,40,258,162
xshoes_531.JPEG,280,180,shoe,22,26,269,174
xshoes_492.JPEG,284,177,shoe,6,98,135,162
xshoes_492.JPEG,284,177,shoe,187,6,243,172
xshoes_486.JPEG,268,188,shoe,8,36,258,161
xshoes_479.JPEG,225,225,shoe,6,61,218,155
xshoes_451.JPEG,308,164,shoe,3,4,309,166
xshoes_337.JPEG,183,275,shoe,8,160,175,230
xshoes_323.JPEG,275,183,shoe,55,53,220,127
xshoes_445.JPEG,268,188,shoe,87,40,246,167
xshoes_445.JPEG,268,188,shoe,25,38,170,160
xshoes_109.JPEG,275,183,shoe,29,40,247,141
xshoes_121.JPEG,275,183,shoe,45,9,235,172
xshoes_120.JPEG,225,225,shoe,24,83,222,214
xshoes_120.JPEG,225,225,shoe,6,9,197,145
xshoes_134.JPEG,225,225,shoe,27,70,199,158
xshoes_108.JPEG,225,225,shoe,15,42,214,197
xshoes_322.JPEG,225,225,shoe,11,58,215,165
xshoes_444.JPEG,225,225,shoe,24,24,200,211
xshoes_450.JPEG,288,175,shoe,66,48,233,120
xshoes_336.JPEG,225,225,shoe,49,50,114,212
xshoes_336.JPEG,225,225,shoe,117,58,182,208
xshoes_478.JPEG,259,194,shoe,12,37,247,155
xshoes_487.JPEG,275,183,shoe,14,30,265,153
xshoes_493.JPEG,220,160,shoe,8,18,207,150
xshoes_256.JPEG,225,225,shoe,2,24,224,202
xshoes_530.JPEG,268,188,shoe,8,40,259,155
xshoes_524.JPEG,225,225,shoe,56,55,222,182
xshoes_524.JPEG,225,225,shoe,8,36,162,162
xshoes_242.JPEG,260,194,shoe,23,33,225,156
xshoes_518.JPEG,225,225,shoe,7,80,216,202
xshoes_295.JPEG,279,181,shoe,21,2,264,178
xshoes_281.JPEG,199,254,shoe,19,124,168,218
xshoes_054.JPEG,225,225,shoe,5,85,220,220
xshoes_040.JPEG,225,225,shoe,2,42,227,180
xshoes_068.JPEG,225,225,shoe,4,63,224,174
xshoes_097.JPEG,318,159,shoe,24,2,285,111
xshoes_083.JPEG,225,225,shoe,36,87,219,174
xshoes_083.JPEG,225,225,shoe,5,64,179,146
xshoes_087.JPEG,259,194,shoe,39,18,258,177
xshoes_087.JPEG,259,194,shoe,3,14,206,174
xshoes_093.JPEG,225,225,shoe,30,20,198,212
xshoes_044.JPEG,259,194,shoe,21,47,202,188
xshoes_044.JPEG,259,194,shoe,112,1,245,78
xshoes_050.JPEG,225,225,shoe,122,79,229,181
xshoes_050.JPEG,225,225,shoe,3,43,149,163
xshoes_078.JPEG,290,174,shoe,27,24,265,162
xshoes_285.JPEG,259,194,shoe,15,48,244,155
xshoes_291.JPEG,288,175,shoe,4,1,284,173
xshoes_246.JPEG,225,225,shoe,3,58,223,163
xshoes_520.JPEG,275,183,shoe,18,45,85,178
xshoes_520.JPEG,275,183,shoe,168,38,233,82
xshoes_520.JPEG,275,183,shoe,128,38,194,83
xshoes_520.JPEG,275,183,shoe,42,46,96,160
xshoes_534.JPEG,272,185,shoe,122,55,253,161
xshoes_534.JPEG,272,185,shoe,2,51,151,128
xshoes_252.JPEG,225,225,shoe,7,70,217,162
xshoes_508.JPEG,273,185,shoe,3,14,178,184
xshoes_508.JPEG,273,185,shoe,105,6,265,163
xshoes_497.JPEG,275,183,shoe,139,37,257,121
xshoes_497.JPEG,275,183,shoe,95,45,159,131
xshoes_497.JPEG,275,183,shoe,11,40,132,112
xshoes_483.JPEG,277,182,shoe,177,98,253,177
xshoes_483.JPEG,277,182,shoe,145,102,221,177
xshoes_483.JPEG,277,182,shoe,17,102,101,178
xshoes_483.JPEG,277,182,shoe,52,100,130,175
xshoes_332.JPEG,225,225,shoe,14,64,219,153
xshoes_454.JPEG,259,194,shoe,3,51,250,157
xshoes_440.JPEG,225,225,shoe,6,34,222,187
xshoes_326.JPEG,275,183,shoe,29,38,246,145
xshoes_468.JPEG,259,194,shoe,43,50,214,142
xshoes_130.JPEG,225,225,shoe,19,99,206,176
xshoes_124.JPEG,275,183,shoe,112,20,166,141
xshoes_124.JPEG,275,183,shoe,148,29,255,127
xshoes_124.JPEG,275,183,shoe,24,27,129,130
xshoes_118.JPEG,259,194,shoe,24,16,231,140
xshoes_119.JPEG,251,201,shoe,41,21,213,130
xshoes_125.JPEG,225,225,shoe,5,95,221,221
xshoes_131.JPEG,225,225,shoe,88,133,204,199
xshoes_131.JPEG,225,225,shoe,26,59,86,204
xshoes_469.JPEG,238,212,shoe,9,6,229,172
xshoes_441.JPEG,275,183,shoe,3,40,196,157
xshoes_441.JPEG,275,183,shoe,85,32,272,136
xshoes_333.JPEG,300,168,shoe,117,27,214,161
xshoes_455.JPEG,225,225,shoe,106,87,186,211
xshoes_455.JPEG,225,225,shoe,29,21,111,146
xshoes_482.JPEG,225,225,shoe,7,67,217,165
xshoes_496.JPEG,187,270,shoe,3,102,188,221
xshoes_509.JPEG,276,182,shoe,146,21,268,158
xshoes_509.JPEG,276,182,shoe,6,11,146,127
xshoes_535.JPEG,259,195,shoe,17,84,238,188
xshoes_253.JPEG,183,275,shoe,3,108,89,228
xshoes_253.JPEG,183,275,shoe,89,141,182,224
xshoes_247.JPEG,274,184,shoe,9,58,264,152
xshoes_521.JPEG,225,225,shoe,9,48,220,178
xshoes_290.JPEG,310,162,shoe,11,20,292,125
xshoes_284.JPEG,225,225,shoe,20,71,205,173
xshoes_079.JPEG,268,188,shoe,11,25,257,163
xshoes_051.JPEG,225,225,shoe,19,82,205,175
xshoes_045.JPEG,274,184,shoe,43,32,229,143
xshoes_092.JPEG,225,225,shoe,3,48,227,178
xshoes_086.JPEG,225,225,shoe,20,102,205,208
xshoes_090.JPEG,263,192,shoe,169,60,264,184
xshoes_090.JPEG,263,192,shoe,3,1,214,147
xshoes_084.JPEG,225,225,shoe,89,71,222,188
xshoes_084.JPEG,225,225,shoe,4,31,143,193
xshoes_053.JPEG,284,177,shoe,2,23,285,151
xshoes_047.JPEG,225,225,shoe,19,72,206,175
xshoes_292.JPEG,225,225,shoe,3,35,227,189
xshoes_286.JPEG,183,275,shoe,11,114,146,202
xshoes_286.JPEG,183,275,shoe,49,90,170,168
xshoes_251.JPEG,225,225,shoe,44,68,130,166
xshoes_251.JPEG,225,225,shoe,101,66,198,155
xshoes_537.JPEG,225,225,shoe,3,71,211,200
xshoes_537.JPEG,225,225,shoe,95,25,223,140
xshoes_523.JPEG,225,225,shoe,125,80,184,218
xshoes_523.JPEG,225,225,shoe,18,40,95,175
xshoes_245.JPEG,289,174,shoe,4,11,290,174
xshoes_279.JPEG,243,208,shoe,158,156,213,204
xshoes_279.JPEG,243,208,shoe,87,131,128,174
xshoes_480.JPEG,194,259,shoe,2,16,89,244
xshoes_480.JPEG,194,259,shoe,94,7,192,245
xshoes_494.JPEG,225,225,shoe,66,91,207,178
xshoes_494.JPEG,225,225,shoe,19,90,155,174
xshoes_325.JPEG,472,107,shoe,98,8,289,106
xshoes_443.JPEG,225,225,shoe,15,86,208,169
xshoes_457.JPEG,277,182,shoe,17,9,261,175
xshoes_331.JPEG,225,225,shoe,4,115,220,209
xshoes_319.JPEG,199,254,shoe,25,128,116,206
xshoes_319.JPEG,199,254,shoe,57,107,145,188
xshoes_127.JPEG,283,178,shoe,10,24,269,144
xshoes_133.JPEG,292,173,shoe,13,13,281,160
xshoes_132.JPEG,225,225,shoe,24,72,198,154
xshoes_126.JPEG,291,173,shoe,49,23,261,145
xshoes_318.JPEG,186,160,shoe,2,75,187,161
xshoes_456.JPEG,348,145,shoe,183,60,263,145
xshoes_456.JPEG,348,145,shoe,73,27,243,114
xshoes_330.JPEG,225,225,shoe,21,57,124,204
xshoes_330.JPEG,225,225,shoe,74,61,210,172
xshoes_324.JPEG,225,225,shoe,14,13,214,198
xshoes_442.JPEG,194,259,shoe,15,159,179,223
xshoes_495.JPEG,275,183,shoe,27,23,214,152
xshoes_495.JPEG,275,183,shoe,83,14,256,131
xshoes_481.JPEG,186,270,shoe,11,156,116,251
xshoes_481.JPEG,186,270,shoe,85,147,181,219
xshoes_278.JPEG,225,225,shoe,16,94,180,184
xshoes_278.JPEG,225,225,shoe,47,82,209,166
xshoes_522.JPEG,318,159,shoe,142,62,283,141
xshoes_522.JPEG,318,159,shoe,41,38,176,106
xshoes_244.JPEG,259,195,shoe,21,51,238,190
xshoes_250.JPEG,220,229,shoe,4,3,220,231
xshoes_536.JPEG,224,224,shoe,21,40,203,183
xshoes_287.JPEG,259,194,shoe,43,43,219,133
xshoes_293.JPEG,225,225,shoe,138,11,214,221
xshoes_293.JPEG,225,225,shoe,8,8,89,216
xshoes_046.JPEG,225,225,shoe,34,35,196,211
xshoes_052.JPEG,275,183,shoe,51,46,258,154
xshoes_052.JPEG,275,183,shoe,16,33,214,138
xshoes_085.JPEG,225,225,shoe,16,70,210,153
xshoes_091.JPEG,201,251,shoe,20,33,183,225
xshoes_035.JPEG,330,153,shoe,4,3,333,155
xshoes_021.JPEG,326,155,shoe,3,4,329,158
xshoes_592.JPEG,225,225,shoe,28,50,98,205
xshoes_592.JPEG,225,225,shoe,88,135,207,198
xshoes_586.JPEG,236,214,shoe,20,26,217,119
xshoes_579.JPEG,174,289,shoe,18,86,158,172
xshoes_237.JPEG,225,225,shoe,29,79,191,146
xshoes_551.JPEG,192,262,shoe,7,113,183,218
xshoes_545.JPEG,265,190,shoe,2,2,265,190
xshoes_223.JPEG,183,275,shoe,7,125,154,213
xshoes_223.JPEG,183,275,shoe,41,111,175,198
xshoes_380.JPEG,320,157,shoe,4,4,245,158
xshoes_394.JPEG,197,255,shoe,27,9,199,233
xshoes_419.JPEG,225,225,shoe,4,60,222,170
xshoes_343.JPEG,244,207,shoe,15,69,230,173
xshoes_425.JPEG,225,225,shoe,17,100,204,175
xshoes_431.JPEG,225,225,shoe,16,57,199,172
xshoes_357.JPEG,361,139,shoe,34,64,172,133
xshoes_357.JPEG,361,139,shoe,252,70,362,133
xshoes_357.JPEG,361,139,shoe,194,46,319,101
xshoes_182.JPEG,332,152,shoe,17,18,170,91
xshoes_182.JPEG,332,152,shoe,85,16,244,73
xshoes_182.JPEG,332,152,shoe,294,57,332,148
xshoes_182.JPEG,332,152,shoe,266,41,299,149
xshoes_182.JPEG,332,152,shoe,236,48,269,146
xshoes_182.JPEG,332,152,shoe,207,48,241,143
xshoes_196.JPEG,225,225,shoe,35,97,227,196
xshoes_196.JPEG,225,225,shoe,3,94,181,189
xshoes_169.JPEG,225,225,shoe,3,38,226,187
xshoes_141.JPEG,301,167,shoe,148,5,290,152
xshoes_141.JPEG,301,167,shoe,7,55,200,139
xshoes_155.JPEG,225,225,shoe,21,72,209,178
xshoes_154.JPEG,251,201,shoe,49,39,227,196
xshoes_140.JPEG,225,225,shoe,3,44,227,185
xshoes_168.JPEG,225,225,shoe,4,59,225,173
xshoes_197.JPEG,274,184,shoe,9,45,265,152
xshoes_183.JPEG,259,194,shoe,14,33,248,162
xshoes_430.JPEG,244,207,shoe,11,88,232,175
xshoes_356.JPEG,279,181,shoe,33,33,257,157
xshoes_356.JPEG,279,181,shoe,7,15,201,120
xshoes_342.JPEG,225,225,shoe,16,72,210,171
xshoes_424.JPEG,266,190,shoe,28,32,237,180
xshoes_418.JPEG,275,183,shoe,9,96,127,182
xshoes_418.JPEG,275,183,shoe,65,92,190,161
xshoes_418.JPEG,275,183,shoe,138,72,214,110
xshoes_418.JPEG,275,183,shoe,159,61,229,102
xshoes_418.JPEG,275,183,shoe,187,51,254,92
xshoes_395.JPEG,364,138,shoe,42,42,303,136
xshoes_381.JPEG,300,168,shoe,79,8,264,137
xshoes_381.JPEG,300,168,shoe,36,11,207,134
xshoes_544.JPEG,284,177,shoe,63,54,223,135
xshoes_222.JPEG,275,183,shoe,98,69,205,143
xshoes_222.JPEG,275,183,shoe,43,49,148,97
xshoes_236.JPEG,206,244,shoe,5,93,202,215
xshoes_550.JPEG,275,183,shoe,8,40,256,177
xshoes_550.JPEG,275,183,shoe,41,10,268,126
xshoes_578.JPEG,271,186,shoe,4,4,268,182
xshoes_587.JPEG,259,195,shoe,56,93,202,190
xshoes_593.JPEG,275,183,shoe,47,100,246,176
xshoes_593.JPEG,275,183,shoe,45,19,231,92
xshoes_020.JPEG,225,225,shoe,3,52,226,176
xshoes_034.JPEG,244,207,shoe,11,81,233,172
xshoes_022.JPEG,296,170,shoe,3,2,297,172
xshoes_036.JPEG,194,259,shoe,6,81,170,225
xshoes_036.JPEG,194,259,shoe,7,25,189,140
xshoes_585.JPEG,254,198,shoe,7,14,148,155
xshoes_585.JPEG,254,198,shoe,147,15,244,171
xshoes_591.JPEG,275,183,shoe,6,33,263,181
xshoes_591.JPEG,275,183,shoe,32,5,269,123
xshoes_208.JPEG,259,194,shoe,13,12,244,175
xshoes_220.JPEG,225,225,shoe,4,41,203,182
xshoes_220.JPEG,225,225,shoe,37,34,224,149
xshoes_546.JPEG,225,225,shoe,8,10,216,211
xshoes_552.JPEG,259,194,shoe,76,69,208,177
xshoes_552.JPEG,259,194,shoe,41,7,156,145
xshoes_234.JPEG,225,225,shoe,8,33,216,197
xshoes_397.JPEG,225,225,shoe,7,31,212,179
xshoes_383.JPEG,308,164,shoe,18,0,301,158
xshoes_368.JPEG,197,255,shoe,16,66,182,227
xshoes_354.JPEG,225,225,shoe,33,37,196,170
xshoes_432.JPEG,225,225,shoe,12,38,213,209
xshoes_426.JPEG,268,188,shoe,69,33,260,154
xshoes_426.JPEG,268,188,shoe,10,34,193,151
xshoes_340.JPEG,183,275,shoe,4,103,179,175
xshoes_195.JPEG,301,168,shoe,6,16,301,142
xshoes_181.JPEG,225,225,shoe,3,52,225,167
xshoes_156.JPEG,224,224,shoe,9,28,104,211
xshoes_156.JPEG,224,224,shoe,57,36,213,186
xshoes_142.JPEG,273,185,shoe,4,22,271,185
xshoes_143.JPEG,225,225,shoe,37,56,196,160
xshoes_157.JPEG,183,275,shoe,6,129,147,213
xshoes_157.JPEG,183,275,shoe,41,122,177,196
xshoes_180.JPEG,210,140,shoe,16,29,195,115
xshoes_194.JPEG,225,225,shoe,3,98,225,227
xshoes_427.JPEG,200,251,shoe,94,114,200,182
xshoes_427.JPEG,200,251,shoe,4,103,110,163
xshoes_341.JPEG,211,239,shoe,59,76,183,161
xshoes_341.JPEG,211,239,shoe,22,61,148,142
xshoes_355.JPEG,225,225,shoe,7,65,214,182
xshoes_433.JPEG,305,165,shoe,7,6,236,165
xshoes_433.JPEG,305,165,shoe,51,2,277,133
xshoes_369.JPEG,225,225,shoe,10,64,218,161
xshoes_382.JPEG,225,225,shoe,11,83,209,173
xshoes_396.JPEG,201,251,shoe,7,79,194,209
xshoes_553.JPEG,225,225,shoe,121,12,196,213
xshoes_553.JPEG,225,225,shoe,30,9,114,217
xshoes_235.JPEG,237,213,shoe,18,102,219,209
xshoes_221.JPEG,294,172,shoe,16,60,121,148
xshoes_221.JPEG,294,172,shoe,74,51,191,136
xshoes_221.JPEG,294,172,shoe,125,40,234,120
xshoes_221.JPEG,294,172,shoe,178,30,280,104
xshoes_547.JPEG,225,225,shoe,31,136,198,219
xshoes_209.JPEG,366,138,shoe,221,31,344,89
xshoes_209.JPEG,366,138,shoe,80,31,201,88
xshoes_209.JPEG,366,138,shoe,19,14,143,72
xshoes_209.JPEG,366,138,shoe,162,13,280,68
xshoes_590.JPEG,224,224,shoe,16,28,209,196
xshoes_584.JPEG,276,183,shoe,16,74,184,146
xshoes_584.JPEG,276,183,shoe,61,53,216,116
xshoes_037.JPEG,225,225,shoe,7,32,212,182
xshoes_023.JPEG,225,225,shoe,25,74,198,154
xshoes_027.JPEG,290,174,shoe,23,18,270,158
xshoes_033.JPEG,183,275,shoe,4,135,138,251
xshoes_033.JPEG,183,275,shoe,39,121,181,223
xshoes_580.JPEG,208,242,shoe,6,99,203,216
xshoes_594.JPEG,225,225,shoe,17,96,207,177
xshoes_543.JPEG,203,248,shoe,3,42,203,193
xshoes_225.JPEG,275,183,shoe,22,18,116,172
xshoes_225.JPEG,275,183,shoe,150,14,256,182
xshoes_231.JPEG,251,201,shoe,19,25,240,181
xshoes_557.JPEG,389,129,shoe,9,36,120,104
xshoes_557.JPEG,389,129,shoe,139,31,252,103
xshoes_557.JPEG,389,129,shoe,268,36,379,102
xshoes_219.JPEG,225,225,shoe,40,51,185,171
xshoes_392.JPEG,261,193,shoe,12,29,240,158
xshoes_386.JPEG,284,177,shoe,28,48,237,135
xshoes_437.JPEG,225,225,shoe,4,97,221,214
xshoes_351.JPEG,310,162,shoe,25,28,246,129
xshoes_345.JPEG,259,194,shoe,4,36,259,162
xshoes_423.JPEG,275,183,shoe,58,65,257,156
xshoes_423.JPEG,275,183,shoe,60,19,221,93
xshoes_379.JPEG,225,225,shoe,4,86,221,223
xshoes_190.JPEG,259,194,shoe,27,2,232,104
xshoes_190.JPEG,259,194,shoe,23,107,232,192
xshoes_184.JPEG,201,251,shoe,2,67,201,182
xshoes_153.JPEG,194,259,shoe,18,94,128,218
xshoes_153.JPEG,194,259,shoe,68,68,177,189
xshoes_147.JPEG,225,225,shoe,16,47,208,178
xshoes_609.JPEG,287,175,shoe,130,31,265,141
xshoes_609.JPEG,287,175,shoe,16,30,155,132
xshoes_608.JPEG,259,194,shoe,18,11,253,183
xshoes_608.JPEG,259,194,shoe,8,7,220,172
xshoes_146.JPEG,316,159,shoe,66,11,286,129
xshoes_152.JPEG,225,225,shoe,10,74,216,164
xshoes_185.JPEG,300,168,shoe,142,63,295,158
xshoes_185.JPEG,300,168,shoe,86,69,151,149
xshoes_378.JPEG,174,290,shoe,5,67,171,155
xshoes_344.JPEG,225,225,shoe,13,136,212,211
xshoes_422.JPEG,268,188,shoe,8,39,259,162
xshoes_436.JPEG,350,144,shoe,84,36,219,125
xshoes_387.JPEG,226,223,shoe,5,43,224,181
xshoes_393.JPEG,271,186,shoe,52,72,224,156
xshoes_393.JPEG,271,186,shoe,62,54,219,133
xshoes_218.JPEG,224,224,shoe,15,36,207,194
xshoes_230.JPEG,324,155,shoe,4,8,325,156
xshoes_556.JPEG,276,183,shoe,9,19,150,171
xshoes_556.JPEG,276,183,shoe,83,31,276,130
xshoes_542.JPEG,225,225,shoe,18,68,208,176
xshoes_224.JPEG,262,193,shoe,111,55,260,193
xshoes_224.JPEG,262,193,shoe,3,1,139,194
xshoes_595.JPEG,276,183,shoe,49,53,214,135
xshoes_595.JPEG,276,183,shoe,13,27,174,92
xshoes_581.JPEG,225,225,shoe,90,135,205,196
xshoes_581.JPEG,225,225,shoe,24,52,89,201
xshoes_032.JPEG,225,225,shoe,17,58,208,174
xshoes_026.JPEG,252,200,shoe,69,25,250,137
xshoes_026.JPEG,252,200,shoe,12,61,156,182
xshoes_030.JPEG,259,194,shoe,48,52,211,153
xshoes_024.JPEG,275,183,shoe,37,35,233,143
xshoes_018.JPEG,225,225,shoe,4,37,211,220
xshoes_597.JPEG,225,225,shoe,4,53,225,173
xshoes_583.JPEG,259,194,shoe,8,39,260,156
xshoes_232.JPEG,225,225,shoe,2,77,222,181
xshoes_226.JPEG,225,225,shoe,7,70,221,158
xshoes_540.JPEG,318,159,shoe,39,22,281,134
xshoes_568.JPEG,224,224,shoe,16,51,209,173
xshoes_385.JPEG,225,225,shoe,7,64,217,160
xshoes_420.JPEG,225,225,shoe,6,28,222,198
xshoes_346.JPEG,268,188,shoe,3,47,270,154
xshoes_352.JPEG,225,225,shoe,39,54,186,174
xshoes_434.JPEG,276,183,shoe,10,38,264,159
xshoes_408.JPEG,225,225,shoe,13,16,216,201
xshoes_187.JPEG,307,164,shoe,3,2,305,165
xshoes_193.JPEG,259,194,shoe,4,37,251,153
xshoes_144.JPEG,225,225,shoe,4,63,228,161
xshoes_150.JPEG,224,224,shoe,7,28,217,191
xshoes_178.JPEG,300,168,shoe,87,97,213,160
xshoes_178.JPEG,300,168,shoe,136,50,234,107
xshoes_178.JPEG,300,168,shoe,219,23,294,76
xshoes_178.JPEG,300,168,shoe,12,93,84,148
xshoes_178.JPEG,300,168,shoe,15,55,96,113
xshoes_179.JPEG,225,225,shoe,17,132,208,219
xshoes_151.JPEG,259,195,shoe,8,23,248,165
xshoes_192.JPEG,383,131,shoe,6,41,128,108
xshoes_192.JPEG,383,131,shoe,132,47,266,108
xshoes_192.JPEG,383,131,shoe,275,30,381,110
xshoes_186.JPEG,225,225,shoe,13,28,215,197
xshoes_409.JPEG,290,174,shoe,107,34,278,162
xshoes_409.JPEG,290,174,shoe,5,36,192,123
xshoes_353.JPEG,275,183,shoe,51,48,268,170
xshoes_353.JPEG,275,183,shoe,13,21,216,129
xshoes_435.JPEG,211,239,shoe,73,76,190,169
xshoes_435.JPEG,211,239,shoe,24,68,157,141
xshoes_421.JPEG,275,183,shoe,9,39,265,175
xshoes_421.JPEG,275,183,shoe,29,6,269,113
xshoes_347.JPEG,194,259,shoe,8,64,85,200
xshoes_347.JPEG,194,259,shoe,96,61,180,197
xshoes_390.JPEG,318,159,shoe,20,45,144,118
xshoes_390.JPEG,318,159,shoe,189,23,256,156
xshoes_390.JPEG,318,159,shoe,243,14,309,130
xshoes_384.JPEG,246,205,shoe,3,2,249,206
xshoes_569.JPEG,225,225,shoe,4,121,221,210
xshoes_227.JPEG,225,225,shoe,27,71,198,153
xshoes_541.JPEG,251,201,shoe,40,40,177,149
xshoes_555.JPEG,201,251,shoe,15,111,185,183
xshoes_233.JPEG,212,238,shoe,30,163,181,214
xshoes_582.JPEG,225,225,shoe,19,82,205,177
xshoes_596.JPEG,194,259,shoe,4,91,194,221
xshoes_019.JPEG,225,225,shoe,6,101,219,221
xshoes_025.JPEG,256,197,shoe,5,2,253,197
xshoes_031.JPEG,291,173,shoe,4,3,292,172
